"waiting_times","alpha","sigma.sq","theta","tip_state"
27.890776200674,0.202305296314292,0.263356490321278,2.12561136906605,"perennial"
5.04034692995172,0.202305296314292,0.257267882968864,2.21535830401073,"annual"
27.890776200674,0.202305296314292,0.263356490321278,2.12561136906605,"perennial"
5.02151345642955,0.202305296314292,0.257269105084279,2.21535472729863,"annual"
27.7917995673735,0.202305296314292,0.263356485723782,2.12561136906605,"perennial"
27.890776200674,0.202305296314292,0.263356490321278,2.12561136906605,"perennial"
27.890776200674,0.202305296314292,0.263356490321278,2.12561136906605,"perennial"
27.890776200674,0.202305296314292,0.263356490321278,2.12561136906605,"perennial"
5.04034692995172,0.202305296314292,0.257267882968864,2.21535830401073,"annual"
27.890776200674,0.202305296314292,0.263356490321278,2.12561136906605,"perennial"
27.890776200674,0.202305296314292,0.263356490321278,2.12561136906605,"perennial"
27.890776200674,0.202305296314292,0.263356490321278,2.12561136906605,"perennial"
27.890776200674,0.202305296314292,0.263356490321278,2.12561136906605,"perennial"
27.890776200674,0.202305296314292,0.263356490321278,2.12561136906605,"perennial"
27.890776200674,0.202305296314292,0.263356490321278,2.12561136906605,"perennial"
27.890776200674,0.202305296314292,0.263356490321278,2.12561136906605,"perennial"
27.890776200674,0.202305296314292,0.263356490321278,2.12561136906605,"perennial"
27.890776200674,0.202305296314292,0.263356490321278,2.12561136906605,"perennial"
27.890776200674,0.202305296314292,0.263356490321278,2.12561136906605,"perennial"
27.890776200674,0.202305296314292,0.263356490321278,2.12561136906605,"perennial"
27.890776200674,0.202305296314292,0.263356490321278,2.12561136906605,"perennial"
27.890776200674,0.202305296314292,0.263356490321278,2.12561136906605,"perennial"
27.890776200674,0.202305296314292,0.263356490321278,2.12561136906605,"perennial"
