"waiting_times","alpha","sigma.sq","theta","tip_state"
33.3312240812015,6.63279819183293,0.00924364086772202,5.63957406296875,"annual"
22.0778798608253,6.63279819183293,0.00758931973236478,5.61096969867865,"perennial"
22.0778798608253,6.63279819183293,0.00758931973236478,5.61096969867865,"perennial"
22.0778798608253,6.63279819183293,0.00758931973236478,5.61096969867865,"perennial"
33.331104875425,6.63279819183293,0.00924364089395318,5.63957406297183,"annual"
33.3312452560461,6.63279819183293,0.00924364086772202,5.63957406297183,"annual"
33.3311885785377,6.63279819183293,0.00924364087831261,5.63957406297183,"annual"
33.3312403375173,6.63279819183293,0.00924364086745222,5.63957406297042,"annual"
33.3312452560461,6.63279819183293,0.00924364086772202,5.63957406297183,"annual"
22.0778367077988,6.63279819183293,0.00758931973363783,5.61096969868529,"perennial"
22.0778798608253,6.63279819183293,0.00758931973236478,5.61096969867865,"perennial"
22.0778798608253,6.63279819183293,0.00758931973236478,5.61096969867865,"perennial"
33.3308063102841,6.63279819183293,0.00924364094974304,5.63957406297183,"annual"
33.3312443893394,6.63279819183293,0.00924364086788397,5.63957406297183,"annual"
33.3312452560461,6.63279819183293,0.00924364086772202,5.63957406297183,"annual"
33.3312452560461,6.63279819183293,0.00924364086772202,5.63957406297183,"annual"
33.3312435144156,6.63279819183293,0.00924364086804746,5.63957406297183,"annual"
33.3312305886031,6.63279819183293,0.00924364087046273,5.63957406297183,"annual"
33.3312452560461,6.63279819183293,0.00924364086772202,5.63957406297183,"annual"
33.3312452560461,6.63279819183293,0.00924364086772202,5.63957406297183,"annual"
22.0778798608253,6.63279819183293,0.00758931973236478,5.61096969867865,"perennial"
