"waiting_times","alpha","sigma.sq","theta","tip_state"
0.0820588047668775,3.43309150985569,0.124381650428737,7.10139910630964,"perennial"
0.0820588047668775,3.43309150985569,0.124381650428737,7.10139910630964,"perennial"
0.0820588047668775,3.43309150985569,0.124381650428737,7.10139910630964,"perennial"
0.0820588215628324,3.43309150985569,0.124381650416249,7.10139910630964,"perennial"
0.0747690943137695,3.43309150985569,0.0975446042136929,7.09512575159074,"annual"
0.0747690943137695,3.43309150985569,0.0975446042136929,7.09512575159074,"annual"
0.0747690943137695,3.43309150985569,0.0975446042136929,7.09512575159074,"annual"
0.0747690943137695,3.43309150985569,0.0975446042136929,7.09512575159074,"annual"
0.0820588244708728,3.43309150985569,0.124381650414086,7.10139910630964,"perennial"
0.082255314451042,3.43309150985569,0.124381504313996,7.10139910630964,"perennial"
0.0823115887103267,3.43309150985569,0.12438146247128,7.10139910630964,"perennial"
