"waiting_times","alpha","sigma.sq","theta","tip_state"
34.9679904265096,0.338402083346379,8.09209913320471e-05,5.62896669818991,"perennial"
12.4535688818589,0.338402083346379,8.22963424186551e-05,5.64973109527828,"annual"
34.9679904265096,0.338402083346379,8.09209913320471e-05,5.62896669818991,"perennial"
12.4535688818589,0.338402083346379,8.22963424186551e-05,5.64973109527828,"annual"
12.4535688818589,0.338402083346379,8.22963424186551e-05,5.64973109527828,"annual"
12.4535688818589,0.338402083346379,8.22963424186551e-05,5.64973109527828,"annual"
34.9679904265096,0.338402083346379,8.09209913320471e-05,5.62896669818991,"perennial"
34.9679904265096,0.338402083346379,8.09209913320471e-05,5.62896669818991,"perennial"
34.9679904265096,0.338402083346379,8.09209913320471e-05,5.62896669818991,"perennial"
34.9679904265096,0.338402083346379,8.09209913320471e-05,5.62896669818991,"perennial"
34.9679904265096,0.338402083346379,8.09209913320471e-05,5.62896669818991,"perennial"
12.4535688818589,0.338402083346379,8.22963424186551e-05,5.64973109527828,"annual"
34.9679904265096,0.338402083346379,8.09209913320471e-05,5.62896669818991,"perennial"
34.9679904265096,0.338402083346379,8.09209913320471e-05,5.62896669818991,"perennial"
34.9679904265096,0.338402083346379,8.09209913320471e-05,5.62896669818991,"perennial"
34.9679904265096,0.338402083346379,8.09209913320471e-05,5.62896669818991,"perennial"
34.9679904265096,0.338402083346379,8.09209913320471e-05,5.62896669818991,"perennial"
34.9679904265096,0.338402083346379,8.09209913320471e-05,5.62896669818991,"perennial"
34.9679904265096,0.338402083346379,8.09209913320471e-05,5.62896669818991,"perennial"
34.9679904265096,0.338402083346379,8.09209913320471e-05,5.62896669818991,"perennial"
34.9679904265096,0.338402083346379,8.09209913320471e-05,5.62896669818991,"perennial"
34.9679904265096,0.338402083346379,8.09209913320471e-05,5.62896669818991,"perennial"
34.9679904265096,0.338402083346379,8.09209913320471e-05,5.62896669818991,"perennial"
34.9679904265096,0.338402083346379,8.09209913320471e-05,5.62896669818991,"perennial"
34.9679904265096,0.338402083346379,8.09209913320471e-05,5.62896669818991,"perennial"
34.9679904265096,0.338402083346379,8.09209913320471e-05,5.62896669818991,"perennial"
34.9679904265096,0.338402083346379,8.09209913320471e-05,5.62896669818991,"perennial"
12.4535688818589,0.338402083346379,8.22963424186551e-05,5.64973109527828,"annual"
12.4535688818589,0.338402083346379,8.22963424186551e-05,5.64973109527828,"annual"
