"waiting_times","alpha","sigma.sq","theta","tip_state"
0.0305275573935368,0.178990591427226,0.151396519852856,1.14901829756221,"annual"
0.0490813921984376,0.178990591427226,0.415700614894093,1.45169898448283,"perennial"
0.049080880761324,0.178990591427226,0.415686356477772,1.45160514669578,"perennial"
0.0490738301803647,0.178990591427226,0.415489792489843,1.45031151567636,"perennial"
0.0305275573935368,0.178990591427226,0.151396519852856,1.14901829756221,"annual"
0.0305275573935368,0.178990591427226,0.151396519852856,1.14901829756221,"annual"
0.0305275573935368,0.178990591427226,0.151396519852856,1.14901829756221,"annual"
0.0305275573935368,0.178990591427226,0.151396519852856,1.14901829756221,"annual"
0.0305275573935368,0.178990591427226,0.151396519852856,1.14901829756221,"annual"
0.0491035547092103,0.178990591427226,0.416318486176644,1.45576533186183,"perennial"
0.0491032683089103,0.178990591427226,0.416310501588503,1.45571278352372,"perennial"
0.0491010884875461,0.178990591427226,0.416249730088566,1.45531283286011,"perennial"
0.0305275573935368,0.178990591427226,0.151396519852856,1.14901829756221,"annual"
0.0305275573935368,0.178990591427226,0.151396519852856,1.14901829756221,"annual"
0.0305275573935368,0.178990591427226,0.151396519852856,1.14901829756221,"annual"
0.0305275573935368,0.178990591427226,0.151396519852856,1.14901829756221,"annual"
0.0305275573935368,0.178990591427226,0.151396519852856,1.14901829756221,"annual"
0.0305275573935368,0.178990591427226,0.151396519852856,1.14901829756221,"annual"
0.0305275573935368,0.178990591427226,0.151396519852856,1.14901829756221,"annual"
0.0305275573935368,0.178990591427226,0.151396519852856,1.14901829756221,"annual"
0.0490737242207136,0.178990591427226,0.415486838428085,1.45029207434347,"perennial"
