"waiting_times","alpha","sigma.sq","theta","tip_state"
30.0660965416211,0.240371283707793,0.087799281316752,4.14366645942263,"annual"
22.3036640415949,0.240371283707793,0.131819655563544,4.12335768671567,"perennial"
22.3097353246137,0.240371283707793,0.131819656087519,4.12335768161372,"perennial"
22.3099342806445,0.240371283707793,0.131819656087519,4.12335768637472,"perennial"
30.066095103898,0.240371283707793,0.087799281316752,4.1436664601536,"annual"
30.0660965416211,0.240371283707793,0.087799281316752,4.14366645942263,"annual"
30.0660965416211,0.240371283707793,0.087799281316752,4.14366645942263,"annual"
30.0660951116614,0.240371283707793,0.087799281316752,4.14366646014965,"annual"
30.0660951186268,0.240371283707793,0.087799281316752,4.14366646014611,"annual"
22.3099342806445,0.240371283707793,0.131819656087519,4.12335768637472,"perennial"
22.3099342806445,0.240371283707793,0.131819656087519,4.12335768637472,"perennial"
22.3099342806445,0.240371283707793,0.131819656087519,4.12335768637472,"perennial"
30.0659609878049,0.240371283707793,0.087799281316752,4.14366652834146,"annual"
30.0660965416211,0.240371283707793,0.087799281316752,4.14366645942263,"annual"
30.0659647919182,0.240371283707793,0.087799281316752,4.14366652640735,"annual"
30.0660965385246,0.240371283707793,0.087799281316752,4.1436664594242,"annual"
30.0660965416211,0.240371283707793,0.087799281316752,4.14366645942263,"annual"
30.0660965416211,0.240371283707793,0.087799281316752,4.14366645942263,"annual"
30.0660960956834,0.240371283707793,0.087799281316752,4.14366645964935,"annual"
30.0660946684864,0.240371283707793,0.087799281316752,4.14366646037497,"annual"
22.3099342806445,0.240371283707793,0.131819656087519,4.12335768637472,"perennial"
