"waiting_times","alpha","sigma.sq","theta","tip_state"
12.1690845204699,0.498660281648301,0.170456930609599,3.9811344347043,"perennial"
12.166210341296,0.498660281648301,0.17045691927231,3.98113444852236,"perennial"
12.1690845204699,0.498660281648301,0.170456930609599,3.9811344347043,"perennial"
12.1690845204699,0.498660281648301,0.170456930609599,3.9811344347043,"perennial"
14.573672246003,0.498660281648301,0.138993304873941,4.02607213353873,"annual"
14.573672246003,0.498660281648301,0.138993304873941,4.02607213353873,"annual"
14.573672246003,0.498660281648301,0.138993304873941,4.02607213353873,"annual"
14.573672246003,0.498660281648301,0.138993304873941,4.02607213353873,"annual"
12.1690845204699,0.498660281648301,0.170456930609599,3.9811344347043,"perennial"
12.1690845204699,0.498660281648301,0.170456930609599,3.9811344347043,"perennial"
12.1690845204699,0.498660281648301,0.170456930609599,3.9811344347043,"perennial"
