"waiting_times","alpha","sigma.sq","theta","tip_state"
10.7512419627196,6.46759563536702,0.00438094054078017,5.61525075693205,"perennial"
10.7512419627196,6.46759563536702,0.00438094054078017,5.61525075693205,"perennial"
10.7512419627196,6.46759563536702,0.00438094054078017,5.61525075693205,"perennial"
10.7512419626512,6.46759563536702,0.00438094054078013,5.61525075693205,"perennial"
12.0260988136087,6.46759563536702,0.00136668964294672,5.65560970032847,"annual"
12.0260988136087,6.46759563536702,0.00136668964294672,5.65560970032847,"annual"
12.0260988136087,6.46759563536702,0.00136668964294672,5.65560970032847,"annual"
12.0260988057932,6.46759563536702,0.00136668964293834,5.65560970032847,"annual"
10.7512418590873,6.46759563536702,0.00438094054071684,5.61525075693266,"perennial"
10.7512419627196,6.46759563536702,0.00438094054078017,5.61525075693205,"perennial"
10.7512419627196,6.46759563536702,0.00438094054078017,5.61525075693205,"perennial"
