"waiting_times","alpha","sigma.sq","theta","tip_state"
34.3494952232333,0.537315589592986,0.00364013678146604,7.05320916120654,"annual"
23.8664974596908,0.537315589592986,0.0496229539244965,7.00469943540612,"perennial"
23.8664974596908,0.537315589592986,0.0496229539244965,7.00469943540612,"perennial"
23.8664974596908,0.537315589592986,0.0496229539244965,7.00469943540612,"perennial"
34.3494952232333,0.537315589592986,0.00364013678146604,7.05320916120654,"annual"
34.3494952232333,0.537315589592986,0.00364013678146604,7.05320916120654,"annual"
34.3494952232333,0.537315589592986,0.00364013678146604,7.05320916120654,"annual"
34.3494940791172,0.537315589592986,0.00364013678192467,7.05320916120654,"annual"
34.3494952232333,0.537315589592986,0.00364013678146604,7.05320916120654,"annual"
23.8664974596908,0.537315589592986,0.0496229539244965,7.00469943540612,"perennial"
23.8664974596908,0.537315589592986,0.0496229539244965,7.00469943540612,"perennial"
23.8664974596908,0.537315589592986,0.0496229539244965,7.00469943540612,"perennial"
34.3494952232333,0.537315589592986,0.00364013678146604,7.05320916120654,"annual"
34.3494952232333,0.537315589592986,0.00364013678146604,7.05320916120654,"annual"
34.3494952232333,0.537315589592986,0.00364013678146604,7.05320916120654,"annual"
34.3494952232333,0.537315589592986,0.00364013678146604,7.05320916120654,"annual"
34.3494952232333,0.537315589592986,0.00364013678146604,7.05320916120654,"annual"
34.3494952232333,0.537315589592986,0.00364013678146604,7.05320916120654,"annual"
34.3494952232333,0.537315589592986,0.00364013678146604,7.05320916120654,"annual"
34.349488937117,0.537315589592986,0.00364013678180478,7.05320916120431,"annual"
23.8664974596908,0.537315589592986,0.0496229539244965,7.00469943540612,"perennial"
