"waiting_times","alpha","sigma.sq","theta","tip_state"
12.1863827146998,3.43309150985569,0.124381650428737,7.10139910630964,"perennial"
12.1863827146998,3.43309150985569,0.124381650428737,7.10139910630964,"perennial"
12.1863827146998,3.43309150985569,0.124381650428737,7.10139910630964,"perennial"
12.1863802203679,3.43309150985569,0.124381650416249,7.10139910630964,"perennial"
13.3745100054775,3.43309150985569,0.0975446042136929,7.09512575159074,"annual"
13.3745100054775,3.43309150985569,0.0975446042136929,7.09512575159074,"annual"
13.3745100054775,3.43309150985569,0.0975446042136929,7.09512575159074,"annual"
13.3745100054775,3.43309150985569,0.0975446042136929,7.09512575159074,"annual"
12.1863797885011,3.43309150985569,0.124381650414086,7.10139910630964,"perennial"
12.157269188913,3.43309150985569,0.124381504313996,7.10139910630964,"perennial"
12.1489575850519,3.43309150985569,0.12438146247128,7.10139910630964,"perennial"
