"waiting_times","alpha","sigma.sq","theta","tip_state"
31.678709439111,0.172830821215605,0.0237074541346239,5.39913121231885,"annual"
21.530222980597,0.172830821215605,0.258379629842342,5.45281885095629,"perennial"
21.530222980597,0.172830821215605,0.258379629842342,5.45281885095629,"perennial"
21.530222980597,0.172830821215605,0.258379629842342,5.45281885095629,"perennial"
31.678709439111,0.172830821215605,0.0237074541346239,5.39913121231885,"annual"
31.678709439111,0.172830821215605,0.0237074541346239,5.39913121231885,"annual"
31.678709439111,0.172830821215605,0.0237074541346239,5.39913121231885,"annual"
31.678709439111,0.172830821215605,0.0237074541346239,5.39913121231885,"annual"
31.678709439111,0.172830821215605,0.0237074541346239,5.39913121231885,"annual"
21.530222980597,0.172830821215605,0.258379629842342,5.45281885095629,"perennial"
21.530222980597,0.172830821215605,0.258379629842342,5.45281885095629,"perennial"
21.530222980597,0.172830821215605,0.258379629842342,5.45281885095629,"perennial"
31.678709439111,0.172830821215605,0.0237074541346239,5.39913121231885,"annual"
31.678709439111,0.172830821215605,0.0237074541346239,5.39913121231885,"annual"
31.678709439111,0.172830821215605,0.0237074541346239,5.39913121231885,"annual"
31.678709439111,0.172830821215605,0.0237074541346239,5.39913121231885,"annual"
31.678709439111,0.172830821215605,0.0237074541346239,5.39913121231885,"annual"
31.678709439111,0.172830821215605,0.0237074541346239,5.39913121231885,"annual"
31.678709439111,0.172830821215605,0.0237074541346239,5.39913121231885,"annual"
31.678709439111,0.172830821215605,0.0237074541346239,5.39913121231885,"annual"
21.530222980597,0.172830821215605,0.258379629842342,5.45281885095629,"perennial"
