"waiting_times","alpha","sigma.sq","theta","tip_state"
31.8144418196533,0.00798581760224637,0.0207046946493681,3.93139689633266,"perennial"
13.0219352333709,0.00798581760224637,0.0097919414478572,4.06059801228341,"annual"
31.8144418196533,0.00798581760224637,0.0207046946493681,3.93139689633266,"perennial"
13.0219350347458,0.00798581760224637,0.00979194144793799,4.06059801228459,"annual"
13.0219352333709,0.00798581760224637,0.0097919414478572,4.06059801228341,"annual"
13.0188441956465,0.00798581760224637,0.0097919414478572,4.06059801347606,"annual"
31.8144418196533,0.00798581760224637,0.0207046946493681,3.93139689633266,"perennial"
31.8144418196533,0.00798581760224637,0.0207046946493681,3.93139689633266,"perennial"
31.8144418196533,0.00798581760224637,0.0207046946493681,3.93139689633266,"perennial"
31.8144418196533,0.00798581760224637,0.0207046946493681,3.93139689633266,"perennial"
31.8144418196533,0.00798581760224637,0.0207046946493681,3.93139689633266,"perennial"
13.0219352333709,0.00798581760224637,0.0097919414478572,4.06059801228341,"annual"
31.8144418196533,0.00798581760224637,0.0207046946493681,3.93139689633266,"perennial"
31.8144418196533,0.00798581760224637,0.0207046946493681,3.93139689633266,"perennial"
31.8144418196533,0.00798581760224637,0.0207046946493681,3.93139689633266,"perennial"
31.8144418196533,0.00798581760224637,0.0207046946493681,3.93139689633266,"perennial"
31.8144418196533,0.00798581760224637,0.0207046946493681,3.93139689633266,"perennial"
31.8144418196533,0.00798581760224637,0.0207046946493681,3.93139689633266,"perennial"
31.8144418196533,0.00798581760224637,0.0207046946493681,3.93139689633266,"perennial"
31.8144418196533,0.00798581760224637,0.0207046946493681,3.93139689633266,"perennial"
31.8144418196533,0.00798581760224637,0.0207046946493681,3.93139689633266,"perennial"
31.8144418196533,0.00798581760224637,0.0207046946493681,3.93139689633266,"perennial"
31.8144418196533,0.00798581760224637,0.0207046946493681,3.93139689633266,"perennial"
31.8144418196533,0.00798581760224637,0.0207046946493681,3.93139689633266,"perennial"
31.8144418196533,0.00798581760224637,0.0207046946493681,3.93139689633266,"perennial"
31.8144418196533,0.00798581760224637,0.0207046946493681,3.93139689633266,"perennial"
31.8144409020834,0.00798581760224637,0.0207046946493056,3.93139689633175,"perennial"
13.0219352333709,0.00798581760224637,0.0097919414478572,4.06059801228341,"annual"
13.0219352333709,0.00798581760224637,0.0097919414478572,4.06059801228341,"annual"
