"waiting_times","alpha","sigma.sq","theta","tip_state"
32.3801086877787,0.252689690831168,0.138678620018759,7.91360517414151,"perennial"
11.7298615456213,0.252689690831168,0.475382700159881,7.50996350973029,"annual"
32.3801086877787,0.252689690831168,0.138678620018759,7.91360517414151,"perennial"
11.7298615456213,0.252689690831168,0.475382700159881,7.50996350973029,"annual"
11.7298615456213,0.252689690831168,0.475382700159881,7.50996350973029,"annual"
11.7298615456213,0.252689690831168,0.475382700159881,7.50996350973029,"annual"
32.3801086877787,0.252689690831168,0.138678620018759,7.91360517414151,"perennial"
32.3801086877787,0.252689690831168,0.138678620018759,7.91360517414151,"perennial"
32.3801086877787,0.252689690831168,0.138678620018759,7.91360517414151,"perennial"
32.3801086877787,0.252689690831168,0.138678620018759,7.91360517414151,"perennial"
32.3801086877787,0.252689690831168,0.138678620018759,7.91360517414151,"perennial"
11.7298613861195,0.252689690831168,0.475382700159047,7.50996350973029,"annual"
32.3801086877787,0.252689690831168,0.138678620018759,7.91360517414151,"perennial"
32.3801086877787,0.252689690831168,0.138678620018759,7.91360517414151,"perennial"
32.3801086877787,0.252689690831168,0.138678620018759,7.91360517414151,"perennial"
32.3801086877787,0.252689690831168,0.138678620018759,7.91360517414151,"perennial"
32.3801086877787,0.252689690831168,0.138678620018759,7.91360517414151,"perennial"
32.3801086877787,0.252689690831168,0.138678620018759,7.91360517414151,"perennial"
32.3801086877787,0.252689690831168,0.138678620018759,7.91360517414151,"perennial"
32.3801086877787,0.252689690831168,0.138678620018759,7.91360517414151,"perennial"
32.3801086877787,0.252689690831168,0.138678620018759,7.91360517414151,"perennial"
32.3801086877787,0.252689690831168,0.138678620018759,7.91360517414151,"perennial"
32.3801086877787,0.252689690831168,0.138678620018759,7.91360517414151,"perennial"
32.3801086877787,0.252689690831168,0.138678620018759,7.91360517414151,"perennial"
32.3801086877787,0.252689690831168,0.138678620018759,7.91360517414151,"perennial"
32.3801086877787,0.252689690831168,0.138678620018759,7.91360517414151,"perennial"
32.3801086877787,0.252689690831168,0.138678620018759,7.91360517414151,"perennial"
11.7298615456213,0.252689690831168,0.475382700159881,7.50996350973029,"annual"
11.7298615456213,0.252689690831168,0.475382700159881,7.50996350973029,"annual"
