"waiting_times","alpha","sigma.sq","theta","tip_state"
31.6625969913543,0.254767909332027,5.41864049841679e-05,5.66537602183219,"perennial"
10.9881747398295,0.254767909332027,3.75767802582224e-05,5.6981717739998,"annual"
31.6625969878003,0.254767909332027,5.41864049841679e-05,5.66537602183219,"perennial"
10.9881747398295,0.254767909332027,3.75767802582224e-05,5.6981717739998,"annual"
10.9881747398295,0.254767909332027,3.75767802582224e-05,5.6981717739998,"annual"
10.9881747398295,0.254767909332027,3.75767802582224e-05,5.6981717739998,"annual"
31.6625969913543,0.254767909332027,5.41864049841679e-05,5.66537602183219,"perennial"
31.6625969913543,0.254767909332027,5.41864049841679e-05,5.66537602183219,"perennial"
31.6625969913543,0.254767909332027,5.41864049841679e-05,5.66537602183219,"perennial"
31.6625969913543,0.254767909332027,5.41864049841679e-05,5.66537602183219,"perennial"
31.6625969913543,0.254767909332027,5.41864049841679e-05,5.66537602183219,"perennial"
10.9881747398295,0.254767909332027,3.75767802582224e-05,5.6981717739998,"annual"
31.6625969913543,0.254767909332027,5.41864049841679e-05,5.66537602183219,"perennial"
31.6625969913543,0.254767909332027,5.41864049841679e-05,5.66537602183219,"perennial"
31.6625968900361,0.254767909332027,5.41864049841679e-05,5.66537602183244,"perennial"
31.6625969913543,0.254767909332027,5.41864049841679e-05,5.66537602183219,"perennial"
31.6625969913543,0.254767909332027,5.41864049841679e-05,5.66537602183219,"perennial"
31.6625969913543,0.254767909332027,5.41864049841679e-05,5.66537602183219,"perennial"
31.6625969913543,0.254767909332027,5.41864049841679e-05,5.66537602183219,"perennial"
31.6625969913543,0.254767909332027,5.41864049841679e-05,5.66537602183219,"perennial"
31.6625969913543,0.254767909332027,5.41864049841679e-05,5.66537602183219,"perennial"
31.6625969913543,0.254767909332027,5.41864049841679e-05,5.66537602183219,"perennial"
31.6625969913543,0.254767909332027,5.41864049841679e-05,5.66537602183219,"perennial"
31.6625969913543,0.254767909332027,5.41864049841679e-05,5.66537602183219,"perennial"
31.6625969913543,0.254767909332027,5.41864049841679e-05,5.66537602183219,"perennial"
31.6625969913543,0.254767909332027,5.41864049841679e-05,5.66537602183219,"perennial"
31.6625969913543,0.254767909332027,5.41864049841679e-05,5.66537602183219,"perennial"
10.9881747398295,0.254767909332027,3.75767802582224e-05,5.6981717739998,"annual"
10.9881747398295,0.254767909332027,3.75767802582224e-05,5.6981717739998,"annual"
