"waiting_times","alpha","sigma.sq","theta","tip_state"
31.8544802994045,1.67154645524466,0.00311077175322624,5.57249656041256,"annual"
19.2749786336067,1.67154645524466,0.0039276137220654,5.54840271853478,"perennial"
19.2749786336067,1.67154645524466,0.0039276137220654,5.54840271853478,"perennial"
19.2749786336067,1.67154645524466,0.0039276137220654,5.54840271853478,"perennial"
31.8544802994045,1.67154645524466,0.00311077175322624,5.57249656041256,"annual"
31.8544800944737,1.67154645524466,0.0031107717532265,5.57249656041256,"annual"
31.8544802994045,1.67154645524466,0.00311077175322624,5.57249656041256,"annual"
31.8544802994045,1.67154645524466,0.00311077175322624,5.57249656041256,"annual"
31.8544802994045,1.67154645524466,0.00311077175322624,5.57249656041256,"annual"
19.2749786336067,1.67154645524466,0.0039276137220654,5.54840271853478,"perennial"
19.2749545337403,1.67154645524466,0.0039276137220654,5.54840271854853,"perennial"
19.2749759630343,1.67154645524466,0.0039276137220654,5.5484027185363,"perennial"
31.8544802994045,1.67154645524466,0.00311077175322624,5.57249656041256,"annual"
31.8544801028536,1.67154645524466,0.00311077175322649,5.57249656041256,"annual"
31.854479966558,1.67154645524466,0.00311077175322667,5.57249656041256,"annual"
31.8544802994045,1.67154645524466,0.00311077175322624,5.57249656041256,"annual"
31.8544802994045,1.67154645524466,0.00311077175322624,5.57249656041256,"annual"
31.8544802994045,1.67154645524466,0.00311077175322624,5.57249656041256,"annual"
31.8544799726249,1.67154645524466,0.00311077175322666,5.57249656041256,"annual"
31.8544802994045,1.67154645524466,0.00311077175322624,5.57249656041256,"annual"
19.2749752567778,1.67154645524466,0.0039276137220654,5.5484027185367,"perennial"
