"waiting_times","alpha","sigma.sq","theta","tip_state"
32.8220550231792,0.104510308008384,0.109548475211346,5.79888036355873,"perennial"
12.5727216995136,0.104510308008384,0.155385435262578,5.33390810715249,"annual"
32.8220550231792,0.104510308008384,0.109548475211346,5.79888036355873,"perennial"
12.5629625181714,0.104510308008384,0.155385382025622,5.33390810715249,"annual"
12.5675050941572,0.104510308008384,0.155385412783429,5.33390856141952,"annual"
12.5727216995136,0.104510308008384,0.155385435262578,5.33390810715249,"annual"
32.8220550231792,0.104510308008384,0.109548475211346,5.79888036355873,"perennial"
32.8220550231792,0.104510308008384,0.109548475211346,5.79888036355873,"perennial"
32.8220550231792,0.104510308008384,0.109548475211346,5.79888036355873,"perennial"
32.8220550231792,0.104510308008384,0.109548475211346,5.79888036355873,"perennial"
32.8220550231792,0.104510308008384,0.109548475211346,5.79888036355873,"perennial"
12.5727216995136,0.104510308008384,0.155385435262578,5.33390810715249,"annual"
32.8220550231792,0.104510308008384,0.109548475211346,5.79888036355873,"perennial"
32.8220550231792,0.104510308008384,0.109548475211346,5.79888036355873,"perennial"
32.8220550231792,0.104510308008384,0.109548475211346,5.79888036355873,"perennial"
32.8220550229729,0.104510308008384,0.109548475211346,5.79888036355873,"perennial"
32.8219524615611,0.104510308008384,0.10954847527096,5.79888036355873,"perennial"
32.8220550015459,0.104510308008384,0.109548475211366,5.79888036355833,"perennial"
32.8220550206704,0.104510308008384,0.109548475211349,5.79888036355869,"perennial"
32.8220550231792,0.104510308008384,0.109548475211346,5.79888036355873,"perennial"
32.8220550231792,0.104510308008384,0.109548475211346,5.79888036355873,"perennial"
32.8220550229664,0.104510308008384,0.109548475211346,5.79888036355873,"perennial"
32.8220550231792,0.104510308008384,0.109548475211346,5.79888036355873,"perennial"
32.8105791988433,0.104510308008384,0.109548481045815,5.79888036355873,"perennial"
32.8220550231792,0.104510308008384,0.109548475211346,5.79888036355873,"perennial"
32.8220550231792,0.104510308008384,0.109548475211346,5.79888036355873,"perennial"
32.8220550231792,0.104510308008384,0.109548475211346,5.79888036355873,"perennial"
12.5727216995136,0.104510308008384,0.155385435262578,5.33390810715249,"annual"
12.5727216995136,0.104510308008384,0.155385435262578,5.33390810715249,"annual"
