"waiting_times","alpha","sigma.sq","theta","tip_state"
10.9165929775647,3.2215237414004,0.955338640881982,5.65707772626673,"perennial"
10.9165929775647,3.2215237414004,0.955338640881982,5.65707772626673,"perennial"
10.9165929775647,3.2215237414004,0.955338640881982,5.65707772626673,"perennial"
10.9165929775647,3.2215237414004,0.955338640881982,5.65707772626673,"perennial"
11.9756531893407,3.2215237414004,0.790871493186139,5.41609029252086,"annual"
11.9756548888588,3.2215237414004,0.79087149316778,5.41609029248199,"annual"
11.9756548888588,3.2215237414004,0.79087149316778,5.41609029248199,"annual"
11.9756548888588,3.2215237414004,0.79087149316778,5.41609029248199,"annual"
10.9165929765092,3.2215237414004,0.955338640881979,5.65707772626673,"perennial"
10.9165929775647,3.2215237414004,0.955338640881982,5.65707772626673,"perennial"
10.9165929775647,3.2215237414004,0.955338640881982,5.65707772626673,"perennial"
