"waiting_times","alpha","sigma.sq","theta","tip_state"
0.0289624200931735,4.95123363543647,0.00904794174841337,5.70626808608203,"annual"
0.046192006886862,4.95123363543647,0.0004837062112897,5.65967286557308,"perennial"
0.046192006886862,4.95123363543647,0.0004837062112897,5.65967286557308,"perennial"
0.046192006886862,4.95123363543647,0.0004837062112897,5.65967286557308,"perennial"
0.0289624200931735,4.95123363543647,0.00904794174841337,5.70626808608203,"annual"
0.0289624200931735,4.95123363543647,0.00904794174841337,5.70626808608203,"annual"
0.0289624200931735,4.95123363543647,0.00904794174841337,5.70626808608203,"annual"
0.0289624200931735,4.95123363543647,0.00904794174841337,5.70626808608203,"annual"
0.0289624200931735,4.95123363543647,0.00904794174841337,5.70626808608203,"annual"
0.0461971247157072,4.95123363543647,0.000483706273253537,5.65967286590152,"perennial"
0.046192006886862,4.95123363543647,0.0004837062112897,5.65967286557308,"perennial"
0.046192006886862,4.95123363543647,0.0004837062112897,5.65967286557308,"perennial"
0.0289624200943819,4.95123363543647,0.00904794174841336,5.70626808608203,"annual"
0.0289624200931735,4.95123363543647,0.00904794174841337,5.70626808608203,"annual"
0.0289624200931735,4.95123363543647,0.00904794174841337,5.70626808608203,"annual"
0.0289624200931735,4.95123363543647,0.00904794174841337,5.70626808608203,"annual"
0.0289624200931735,4.95123363543647,0.00904794174841337,5.70626808608203,"annual"
0.028962423318242,4.95123363543647,0.00904794174841492,5.70626808608203,"annual"
0.0289624200931735,4.95123363543647,0.00904794174841337,5.70626808608203,"annual"
0.0289624200931735,4.95123363543647,0.00904794174841337,5.70626808608203,"annual"
0.046192006886862,4.95123363543647,0.0004837062112897,5.65967286557308,"perennial"
