"waiting_times","alpha","sigma.sq","theta","tip_state"
11.0060374654101,5.04648041644013,4.90602538727289,2.0146911893343,"perennial"
11.0060426485473,5.04648041644013,4.90602538727289,2.01469118957105,"perennial"
11.0036642440021,5.04648041644013,4.90602538727289,2.01469108091116,"perennial"
11.0060426485473,5.04648041644013,4.90602538727289,2.01469118957105,"perennial"
11.1974315285603,5.04648041644013,4.84786201493558,1.85570730936318,"annual"
11.1974315285603,5.04648041644013,4.84786201493558,1.85570730936318,"annual"
11.1974315285603,5.04648041644013,4.84786201493558,1.85570730936318,"annual"
11.0060407166189,5.04648041644013,4.90602538727289,2.0146911894828,"perennial"
11.0060426485473,5.04648041644013,4.90602538727289,2.01469118957105,"perennial"
11.0006403255073,5.04648041644013,4.90602537286298,2.01469118957105,"perennial"
