"waiting_times","alpha","sigma.sq","theta","tip_state"
11.421846252056,8.41196231217707,0.00941716157824396,5.5314738698416,"perennial"
11.421846252056,8.41196231217707,0.00941716157824396,5.5314738698416,"perennial"
11.421846252056,8.41196231217707,0.00941716157824396,5.5314738698416,"perennial"
11.421846252056,8.41196231217707,0.00941716157824396,5.5314738698416,"perennial"
12.4478637185043,8.41196231217707,0.00321585207860765,5.58656082301466,"annual"
12.4478637185043,8.41196231217707,0.00321585207860765,5.58656082301466,"annual"
12.4478637185043,8.41196231217707,0.00321585207860765,5.58656082301466,"annual"
12.4478637185043,8.41196231217707,0.00321585207860765,5.58656082301466,"annual"
11.421846252056,8.41196231217707,0.00941716157824396,5.5314738698416,"perennial"
11.421846252056,8.41196231217707,0.00941716157824396,5.5314738698416,"perennial"
11.421846252056,8.41196231217707,0.00941716157824396,5.5314738698416,"perennial"
